Model,MSE,R2
Linear Regression,33.44897999767639,0.5892223849182525
Ridge,34.23160611061534,0.5796111714164927
Lasso,41.700096799949,0.48789271561192604
Elastic Net,40.6653320776942,0.5006003732089015
Random Forest,19.870051725490207,0.7559814242492646
Gradient Boosting,16.85553890945581,0.7930018172564652
SVM,78.47805446642553,0.03623285217626426
Decision Tree,34.2163725490196,0.5797982505472146
KNN,51.74387450980392,0.36454787656595133
